<annotation>
	<folder>train</folder>
	<filename>image (2).jpg</filename>
	<path>C:\Users\vfots\Downloads\TP_train_model-20191014T120133Z-001\TP_train_model\Images TP\train\image (2).jpg</path>
	<source>
		<database>Unknown</database>
	</source>
	<size>
		<width>328</width>
		<height>154</height>
		<depth>3</depth>
	</size>
	<segmented>0</segmented>
	<object>
		<name>Glasses</name>
		<pose>Unspecified</pose>
		<truncated>0</truncated>
		<difficult>0</difficult>
		<bndbox>
			<xmin>66</xmin>
			<ymin>19</ymin>
			<xmax>232</xmax>
			<ymax>98</ymax>
		</bndbox>
	</object>
</annotation>
