<annotation>
	<folder>train</folder>
	<filename>image (12).jpg</filename>
	<path>C:\Users\vfots\Downloads\TP_train_model-20191014T120133Z-001\TP_train_model\Images TP\train\image (12).jpg</path>
	<source>
		<database>Unknown</database>
	</source>
	<size>
		<width>275</width>
		<height>183</height>
		<depth>3</depth>
	</size>
	<segmented>0</segmented>
	<object>
		<name>Glasses</name>
		<pose>Unspecified</pose>
		<truncated>0</truncated>
		<difficult>0</difficult>
		<bndbox>
			<xmin>24</xmin>
			<ymin>68</ymin>
			<xmax>134</xmax>
			<ymax>118</ymax>
		</bndbox>
	</object>
	<object>
		<name>Glasses</name>
		<pose>Unspecified</pose>
		<truncated>0</truncated>
		<difficult>0</difficult>
		<bndbox>
			<xmin>208</xmin>
			<ymin>63</ymin>
			<xmax>225</xmax>
			<ymax>70</ymax>
		</bndbox>
	</object>
</annotation>
