<annotation>
	<folder>train</folder>
	<filename>image (14).jpg</filename>
	<path>C:\Users\vfots\Downloads\TP_train_model-20191014T120133Z-001\TP_train_model\Images TP\train\image (14).jpg</path>
	<source>
		<database>Unknown</database>
	</source>
	<size>
		<width>230</width>
		<height>219</height>
		<depth>3</depth>
	</size>
	<segmented>0</segmented>
	<object>
		<name>Glasses</name>
		<pose>Unspecified</pose>
		<truncated>0</truncated>
		<difficult>0</difficult>
		<bndbox>
			<xmin>18</xmin>
			<ymin>38</ymin>
			<xmax>55</xmax>
			<ymax>47</ymax>
		</bndbox>
	</object>
	<object>
		<name>Glasses</name>
		<pose>Unspecified</pose>
		<truncated>0</truncated>
		<difficult>0</difficult>
		<bndbox>
			<xmin>130</xmin>
			<ymin>25</ymin>
			<xmax>166</xmax>
			<ymax>34</ymax>
		</bndbox>
	</object>
</annotation>
