<annotation>
	<folder>train</folder>
	<filename>image (5).jpg</filename>
	<path>C:\Users\vfots\Downloads\TP_train_model-20191014T120133Z-001\TP_train_model\Images TP\train\image (5).jpg</path>
	<source>
		<database>Unknown</database>
	</source>
	<size>
		<width>353</width>
		<height>143</height>
		<depth>3</depth>
	</size>
	<segmented>0</segmented>
	<object>
		<name>Glasses</name>
		<pose>Unspecified</pose>
		<truncated>1</truncated>
		<difficult>0</difficult>
		<bndbox>
			<xmin>237</xmin>
			<ymin>25</ymin>
			<xmax>353</xmax>
			<ymax>67</ymax>
		</bndbox>
	</object>
</annotation>
