<annotation>
	<folder>train</folder>
	<filename>image (13).jpg</filename>
	<path>C:\Users\vfots\Downloads\TP_train_model-20191014T120133Z-001\TP_train_model\Images TP\train\image (13).jpg</path>
	<source>
		<database>Unknown</database>
	</source>
	<size>
		<width>289</width>
		<height>174</height>
		<depth>3</depth>
	</size>
	<segmented>0</segmented>
	<object>
		<name>Glasses</name>
		<pose>Unspecified</pose>
		<truncated>1</truncated>
		<difficult>0</difficult>
		<bndbox>
			<xmin>1</xmin>
			<ymin>45</ymin>
			<xmax>29</xmax>
			<ymax>53</ymax>
		</bndbox>
	</object>
	<object>
		<name>Glasses</name>
		<pose>Unspecified</pose>
		<truncated>0</truncated>
		<difficult>0</difficult>
		<bndbox>
			<xmin>75</xmin>
			<ymin>41</ymin>
			<xmax>97</xmax>
			<ymax>51</ymax>
		</bndbox>
	</object>
	<object>
		<name>Glasses</name>
		<pose>Unspecified</pose>
		<truncated>0</truncated>
		<difficult>0</difficult>
		<bndbox>
			<xmin>136</xmin>
			<ymin>42</ymin>
			<xmax>153</xmax>
			<ymax>48</ymax>
		</bndbox>
	</object>
	<object>
		<name>Glasses</name>
		<pose>Unspecified</pose>
		<truncated>0</truncated>
		<difficult>0</difficult>
		<bndbox>
			<xmin>232</xmin>
			<ymin>31</ymin>
			<xmax>257</xmax>
			<ymax>39</ymax>
		</bndbox>
	</object>
	<object>
		<name>Glasses</name>
		<pose>Unspecified</pose>
		<truncated>0</truncated>
		<difficult>0</difficult>
		<bndbox>
			<xmin>259</xmin>
			<ymin>37</ymin>
			<xmax>287</xmax>
			<ymax>48</ymax>
		</bndbox>
	</object>
</annotation>
