<annotation>
	<folder>train</folder>
	<filename>image (11).jpg</filename>
	<path>C:\Users\vfots\Downloads\TP_train_model-20191014T120133Z-001\TP_train_model\Images TP\train\image (11).jpg</path>
	<source>
		<database>Unknown</database>
	</source>
	<size>
		<width>255</width>
		<height>198</height>
		<depth>3</depth>
	</size>
	<segmented>0</segmented>
	<object>
		<name>Glasses</name>
		<pose>Unspecified</pose>
		<truncated>0</truncated>
		<difficult>0</difficult>
		<bndbox>
			<xmin>23</xmin>
			<ymin>64</ymin>
			<xmax>105</xmax>
			<ymax>127</ymax>
		</bndbox>
	</object>
	<object>
		<name>Glasses</name>
		<pose>Unspecified</pose>
		<truncated>0</truncated>
		<difficult>0</difficult>
		<bndbox>
			<xmin>170</xmin>
			<ymin>92</ymin>
			<xmax>195</xmax>
			<ymax>135</ymax>
		</bndbox>
	</object>
</annotation>
